{"full_time": [0.09243305921554565, 0.26544721603393556, 0.4969193148612976, 0.8095624852180481], "rl_time": [0.637233874797821, 2.8534974098205566, 6.432180032730103, 9.761817162036897], "full_var": [0.016688340694870046, 0.030586465567848088, 0.0496571629245355, 0.11090859354768628], "rl_var": [0.21829658894755677, 0.7422164181139326, 0.9078181890543289, 0.8897475207085627]}