{"full_time": [0.17064960479736327, 0.5228237342834473, 0.7826130771636963, 1.1594137287139892], "rl_time": [2.8340153980255125, 11.747491130828857, 17.53912271499634, 24.91981559753418], "full_var": [0.025272314470854065, 0.3209711320958296, 0.07755396558192837, 0.08261308453472843], "rl_var": [1.2261955440484114, 2.3341536518353636, 2.4946670561488613, 3.6951821872475]}