{"full_time": [0.23037742614746093, 0.7325627326965332, 1.583323016166687, 2.6123618936538695], "rl_time": [], "full_var": [0.1504896483941063, 0.47581258777035684, 0.9008798634223204, 1.4542117951086206], "rl_var": []}