{"full_time": [0.03996621131896973, 0.1176305103302002, 0.21490080356597902, 0.3370080089569092], "rl_time": [0.2628011131286621, 0.9726582956314087, 2.256115205287933, 3.85301744222641], "full_var": [0.005725296623835846, 0.018102654701715987, 0.03348551856790783, 0.04236431820172146], "rl_var": [0.12065848006577677, 0.33724236833766813, 0.6179618766482534, 0.7627864754087774]}