{"full_time": [0.020756840705871582, 0.05784292936325073, 0.10276982069015503, 0.1587071394920349], "rl_time": [0.1366872525215149, 0.4137382507324219, 0.8975698828697205, 1.5307153940200806], "full_var": [0.006215137938909967, 0.013905076498511212, 0.02198506175046045, 0.033519044614423045], "rl_var": [0.08281730445462815, 0.14645163506623327, 0.33487163370173795, 0.45333588109913914]}