{"full_time": [0.0711885929107666, 0.2309950876235962, 0.43949418544769286, 0.8635445785522461], "rl_time": [], "full_var": [0.04697158038553091, 0.13025127196788597, 0.20100078057887324, 0.4590782504422955], "rl_var": []}