{"full_time": [0.012941203117370605, 0.02985389232635498, 0.05115970373153687, 0.07461236000061035], "rl_time": [0.08878772020339966, 0.19954677581787109, 0.3844842791557312, 0.5775072026252747], "full_var": [0.003792535204739025, 0.00718477336891893, 0.012563764576011905, 0.015881496627028327], "rl_var": [0.07445023154705, 0.073573641600655, 0.13011724468227476, 0.19692035332002233]}