{"full_time": [0.023445634841918944, 0.059869620800018314, 0.11085418701171874, 0.1722899031639099], "rl_time": [0.1366872525215149, 0.4137382507324219, 0.8975698828697205, 1.5307153940200806], "full_var":  [0.005038589612287915, 0.014842312517786916, 0.021869758481749206, 0.026313666872130395], "rl_var": [0.08281730445462815, 0.14645163506623327, 0.33487163370173795, 0.45333588109913914]}