{"full_time": [0.06877075672149659, 0.1851377296447754, 0.34106021881103515, 0.561343388557434], "rl_time": [0.2628011131286621, 0.9726582956314087, 2.256115205287933, 3.85301744222641], "full_var": [0.011590651702547855, 0.02368206722996933, 0.03833890894443053, 0.06359345792914252], "rl_var": [0.12065848006577677, 0.33724236833766813, 0.6179618766482534, 0.7627864754087774]}