{"full_time": [0.010111374855041504, 0.024611268043518066, 0.03787465095520019, 0.05825841426849365], "rl_time": [0.08878772020339966, 0.19954677581787109, 0.3844842791557312, 0.5775072026252747], "full_var": [0.0021455201858161755, 0.005838534723992065, 0.0077820574029881795, 0.01180893263542889], "rl_var": [0.07445023154705, 0.073573641600655, 0.13011724468227476, 0.19692035332002233]}