{"full_time": [0.3206386613845825, 0.7316769981384277, 1.304786810874939, 2.005578441619873], "rl_time": [0.637233874797821, 2.8534974098205566, 6.432180032730103, 9.761817162036897], "full_var": [0.047670828788964247, 0.0800133090499623, 0.12597100654904886, 0.14679440786069858], "rl_var": [0.21829658894755677, 0.7422164181139326, 0.9078181890543289, 0.8897475207085627]}