{"full_time": [1.9944933319091798, 3.9428140544891357, 6.46388521194458, 9.357065010070801], "rl_time": [2.8340153980255125, 11.747491130828857, 17.53912271499634, 24.91981559753418], "full_var": [0.320221687107089, 0.3950517058603007, 0.6162586339256612, 0.7037201545688854], "rl_var": [1.2261955440484114, 2.3341536518353636, 2.4946670561488613, 3.6951821872475]}